episode,reward,length,coverage
0,-2.1,84,1.0
1,-6.9,95,1.0
2,-68.5,200,0.9090909090909091
3,-65.2,200,0.9545454545454546
4,-39.9,166,1.0
5,-75.9,200,0.9090909090909091
6,-72.3,200,0.9090909090909091
7,-73.0,200,0.8636363636363636
8,-67.0,200,0.9545454545454546
9,-76.1,200,0.8181818181818182
10,-69.6,200,0.9545454545454546
11,-70.6,200,0.9545454545454546
12,-19.1,121,1.0
13,-73.2,200,0.9545454545454546
14,-51.7,195,1.0
15,-81.7,200,0.7272727272727273
16,-68.8,200,0.9545454545454546
17,-76.3,200,0.9090909090909091
18,-33.3,151,1.0
19,-76.7,200,0.9090909090909091
20,-74.3,200,0.9090909090909091
21,-48.9,186,1.0
22,-26.1,135,1.0
23,-71.2,200,0.9545454545454546
24,-79.1,200,0.8181818181818182
25,-69.6,200,0.9545454545454546
26,-44.9,176,1.0
27,-84.9,200,0.6363636363636364
28,-73.5,200,0.9090909090909091
29,-80.2,200,0.8636363636363636
30,-75.7,200,0.8181818181818182
31,-79.6,200,0.6818181818181818
32,-78.5,200,0.8181818181818182
33,-41.9,174,1.0
34,-24.9,137,1.0
35,-69.9,200,0.9090909090909091
36,-27.1,137,1.0
37,-38.3,162,1.0
38,-77.8,200,0.9545454545454546
39,-32.9,149,1.0
40,-72.6,200,0.8636363636363636
41,-71.6,200,0.9545454545454546
42,-74.3,200,0.9090909090909091
43,-43.5,173,1.0
44,-73.2,200,0.8636363636363636
45,-75.6,200,0.8636363636363636
46,-31.3,144,1.0
47,-46.1,178,1.0
48,-42.7,171,1.0
49,-38.7,163,1.0
50,-19.9,118,1.0
51,-69.0,200,0.9545454545454546
52,-76.9,200,0.8181818181818182
53,-76.5,200,0.8181818181818182
54,-70.4,200,0.9545454545454546
55,-28.7,145,1.0
56,-32.5,144,1.0
57,-73.4,200,0.9545454545454546
58,-70.1,200,0.9090909090909091
59,-71.9,200,0.9090909090909091
60,-73.1,200,0.9090909090909091
61,-80.6,200,0.7727272727272727
62,-73.4,200,0.9545454545454546
63,-80.5,200,0.9090909090909091
64,-83.0,200,0.6818181818181818
65,-16.7,121,1.0
66,-73.8,200,0.8636363636363636
67,-45.1,175,1.0
68,3.9,69,1.0
69,2.7,72,1.0
70,-46.5,171,1.0
71,-76.6,200,0.8636363636363636
72,-85.8,200,0.7727272727272727
73,-73.5,200,0.8181818181818182
74,-69.8,200,0.9545454545454546
75,-78.7,200,0.8181818181818182
76,-16.1,118,1.0
77,-18.9,113,1.0
78,-32.5,152,1.0
79,-76.2,200,0.8636363636363636
80,-75.5,200,0.9090909090909091
81,-32.9,150,1.0
82,-27.1,136,1.0
83,-76.9,200,0.8181818181818182
84,-69.4,200,0.9545454545454546
85,-75.6,200,0.8636363636363636
86,-72.4,200,0.9545454545454546
87,-53.9,200,1.0
88,-74.2,200,0.9545454545454546
89,-29.7,146,1.0
90,-57.3,196,1.0
91,-27.3,143,1.0
92,-23.5,132,1.0
93,-0.1,77,1.0
94,-74.3,200,0.9090909090909091
95,-19.9,125,1.0
96,-72.6,200,0.9545454545454546
97,-20.7,124,1.0
98,-69.4,200,0.9545454545454546
99,-77.7,200,0.9090909090909091
100,-54.7,196,1.0
101,-74.8,200,0.9545454545454546
102,-36.5,159,1.0
103,-54.9,192,1.0
104,-14.1,111,1.0
105,18.1,42,1.0
106,-73.0,200,0.9545454545454546
107,-71.6,200,0.9545454545454546
108,-18.9,120,1.0
109,-40.5,165,1.0
110,-17.9,119,1.0
111,-81.8,200,0.7727272727272727
112,-51.5,181,1.0
113,-73.4,200,0.9545454545454546
114,-23.3,132,1.0
115,-51.5,186,1.0
116,-8.9,102,1.0
117,-73.0,200,0.9545454545454546
118,-73.0,200,0.9545454545454546
119,-23.7,129,1.0
120,-75.1,200,0.9090909090909091
121,-70.2,200,0.9545454545454546
122,-41.3,169,1.0
123,-20.9,123,1.0
124,-73.2,200,0.9545454545454546
125,-9.9,100,1.0
126,-37.7,159,1.0
127,-30.5,142,1.0
128,-41.5,168,1.0
129,-51.5,195,1.0
130,-70.5,200,0.9090909090909091
131,-45.7,175,1.0
132,-73.7,200,0.9090909090909091
133,-31.3,147,1.0
134,-19.3,118,1.0
135,0.1,80,1.0
136,-30.7,145,1.0
137,-72.0,200,0.9545454545454546
138,-34.1,143,1.0
139,2.7,75,1.0
140,-71.6,200,0.9545454545454546
141,-79.0,200,0.7727272727272727
142,-0.9,82,1.0
143,-26.1,139,1.0
144,-47.1,188,1.0
145,-74.2,200,0.9545454545454546
146,0.9,80,1.0
147,-76.6,200,0.9545454545454546
148,-7.3,92,1.0
149,-9.5,101,1.0
150,-73.4,200,0.9545454545454546
151,6.7,65,1.0
152,-4.7,88,1.0
153,-75.0,200,0.8636363636363636
154,-72.0,200,0.9545454545454546
155,-70.4,200,0.9545454545454546
156,-26.1,137,1.0
157,-73.0,200,0.9545454545454546
158,-27.5,141,1.0
159,-51.5,186,1.0
160,-71.6,200,0.9545454545454546
161,-40.5,161,1.0
162,-89.6,200,0.6818181818181818
163,-79.4,200,0.8636363636363636
164,-50.1,192,1.0
165,-34.7,147,1.0
166,-68.4,200,0.9545454545454546
167,-75.7,200,0.8181818181818182
168,-78.5,200,0.9090909090909091
169,-47.7,177,1.0
170,-51.1,198,1.0
171,-39.7,163,1.0
172,-9.5,102,1.0
173,-72.2,200,0.9545454545454546
174,-68.6,200,0.9545454545454546
175,-70.6,200,0.9545454545454546
176,-20.3,123,1.0
177,-31.5,149,1.0
178,-13.9,113,1.0
179,-68.4,200,0.9545454545454546
180,-14.9,110,1.0
181,-0.5,81,1.0
182,-30.9,145,1.0
183,-0.7,80,1.0
184,-24.1,128,1.0
185,-73.2,200,0.9545454545454546
186,10.3,59,1.0
187,-46.9,174,1.0
188,-50.1,189,1.0
189,-70.6,200,0.9545454545454546
190,-50.5,182,1.0
191,-69.2,200,0.9545454545454546
192,-70.4,200,0.9545454545454546
193,-77.8,200,0.9545454545454546
194,15.1,50,1.0
195,-84.6,200,0.9545454545454546
196,-24.1,138,1.0
197,-22.5,126,1.0
198,-41.9,175,1.0
199,-11.5,103,1.0
200,-72.0,200,0.9545454545454546
201,3.3,71,1.0
202,-14.1,111,1.0
203,-13.7,110,1.0
204,-73.2,200,0.9545454545454546
205,-14.7,108,1.0
206,-26.5,138,1.0
207,-44.7,169,1.0
208,-33.1,152,1.0
209,-21.5,129,1.0
210,-5.9,90,1.0
211,-31.7,144,1.0
212,-1.3,85,1.0
213,-6.7,95,1.0
214,-53.1,200,1.0
215,-73.8,200,0.9545454545454546
216,-21.9,124,1.0
217,-29.5,141,1.0
218,-69.8,200,0.9545454545454546
219,-38.5,157,1.0
220,-12.5,101,1.0
221,-38.5,166,1.0
222,-81.9,200,0.9090909090909091
223,-36.9,161,1.0
224,-0.3,80,1.0
225,-73.6,200,0.9545454545454546
226,-38.9,160,1.0
227,-125.0,200,0.045454545454545456
228,-48.9,186,1.0
229,-50.3,192,1.0
230,1.5,77,1.0
231,2.9,80,1.0
232,-59.9,187,1.0
233,-0.3,85,1.0
234,-75.5,200,0.8181818181818182
235,-73.4,200,0.9545454545454546
236,-41.1,163,1.0
237,-76.2,200,0.9545454545454546
238,-7.1,96,1.0
239,-35.7,146,1.0
240,-73.4,200,0.9545454545454546
241,1.3,78,1.0
242,-73.1,200,0.9090909090909091
243,-48.5,177,1.0
244,-77.3,200,0.8181818181818182
245,-125.0,200,0.045454545454545456
246,-8.5,97,1.0
247,-71.4,200,0.9545454545454546
248,4.3,73,1.0
249,-25.9,143,1.0
250,8.7,65,1.0
251,-74.4,200,0.9545454545454546
252,-72.2,200,0.9545454545454546
253,-11.7,99,1.0
254,-14.3,113,1.0
255,-52.1,181,1.0
256,-39.5,161,1.0
257,-17.3,120,1.0
258,-6.1,94,1.0
259,-75.5,200,0.9090909090909091
260,-34.7,153,1.0
261,-54.5,192,1.0
262,-73.6,200,0.9545454545454546
263,-76.5,200,0.9090909090909091
264,10.3,60,1.0
265,-6.9,98,1.0
266,-15.7,113,1.0
267,-1.1,83,1.0
268,-22.7,127,1.0
269,-24.7,130,1.0
270,-20.7,127,1.0
271,-38.1,167,1.0
272,5.7,70,1.0
273,-19.3,113,1.0
274,-37.1,161,1.0
275,-72.0,200,0.9545454545454546
276,12.9,55,1.0
277,8.3,66,1.0
278,-34.5,152,1.0
279,11.9,55,1.0
280,-16.9,120,1.0
281,-0.7,81,1.0
282,-1.1,81,1.0
283,-33.3,148,1.0
284,-17.9,120,1.0
285,-3.5,87,1.0
286,0.9,76,1.0
287,-8.1,99,1.0
288,-73.0,200,0.9545454545454546
289,-23.9,126,1.0
290,9.3,61,1.0
291,-28.1,143,1.0
292,-74.2,200,0.9545454545454546
293,-73.2,200,0.9545454545454546
294,-17.9,123,1.0
295,-0.9,83,1.0
296,17.5,42,1.0
297,-78.5,200,0.9090909090909091
298,-22.7,136,1.0
299,13.3,55,1.0
300,7.9,63,1.0
301,-46.7,178,1.0
302,-51.1,193,1.0
303,-74.6,200,0.9545454545454546
304,5.5,71,1.0
305,3.5,75,1.0
306,-79.5,200,0.8181818181818182
307,-14.5,113,1.0
308,-73.0,200,0.9545454545454546
309,-22.5,124,1.0
310,-29.5,145,1.0
311,-22.1,128,1.0
312,0.5,79,1.0
313,-7.5,102,1.0
314,17.5,44,1.0
315,-33.5,157,1.0
316,-72.8,200,0.9545454545454546
317,-35.3,156,1.0
318,9.3,63,1.0
319,-22.7,129,1.0
320,-43.9,167,1.0
321,-44.1,171,1.0
322,-74.5,200,0.9090909090909091
323,-14.5,114,1.0
324,-21.9,126,1.0
325,-70.8,200,0.9545454545454546
326,-20.3,128,1.0
327,-74.3,200,0.9090909090909091
328,-7.7,96,1.0
329,4.3,73,1.0
330,-36.5,155,1.0
331,-33.7,148,1.0
332,-7.5,97,1.0
333,-11.5,105,1.0
334,6.3,67,1.0
335,-12.9,99,1.0
336,-14.3,115,1.0
337,-73.0,200,0.9545454545454546
338,-8.9,101,1.0
339,0.3,84,1.0
340,-70.8,200,0.9545454545454546
341,-19.1,117,1.0
342,-9.5,103,1.0
343,-4.3,93,1.0
344,-7.3,96,1.0
345,1.5,79,1.0
346,5.5,69,1.0
347,-43.7,172,1.0
348,-79.0,200,0.9545454545454546
349,4.9,70,1.0
350,-3.5,91,1.0
351,-44.1,175,1.0
352,-72.2,200,0.9545454545454546
353,-0.3,80,1.0
354,0.9,82,1.0
355,-71.4,200,0.9545454545454546
356,-125.0,200,0.045454545454545456
357,-11.5,108,1.0
358,-10.3,101,1.0
359,-15.9,113,1.0
360,-33.7,149,1.0
361,-8.9,99,1.0
362,-28.9,142,1.0
363,6.1,68,1.0
364,-37.1,158,1.0
365,-45.1,180,1.0
366,-34.1,155,1.0
367,8.5,62,1.0
368,-75.4,200,0.9545454545454546
369,-31.1,144,1.0
370,-87.1,200,0.7272727272727273
371,-72.4,200,0.9545454545454546
372,-49.3,184,1.0
373,-7.1,95,1.0
374,2.1,74,1.0
375,-77.0,200,0.9545454545454546
376,-8.3,94,1.0
377,-43.5,175,1.0
378,-12.7,113,1.0
379,-0.1,82,1.0
380,-44.9,172,1.0
381,-56.1,192,1.0
382,20.1,39,1.0
383,-1.9,83,1.0
384,-21.7,128,1.0
385,-52.3,193,1.0
386,-1.1,78,1.0
387,-19.5,126,1.0
388,15.9,47,1.0
389,-50.5,184,1.0
390,-82.8,200,0.9545454545454546
391,-76.7,200,0.9090909090909091
392,-72.8,200,0.9545454545454546
393,1.7,75,1.0
394,-7.5,97,1.0
395,-36.3,147,1.0
396,-31.7,138,1.0
397,-9.9,103,1.0
398,-14.5,115,1.0
399,1.9,79,1.0
400,3.1,78,1.0
401,-18.3,122,1.0
402,-42.7,157,1.0
403,13.7,54,1.0
404,10.9,59,1.0
405,7.5,67,1.0
406,5.5,70,1.0
407,-67.2,200,0.9545454545454546
408,8.3,67,1.0
409,-10.9,104,1.0
410,1.7,75,1.0
411,0.5,80,1.0
412,-22.5,130,1.0
413,-25.7,135,1.0
414,17.1,46,1.0
415,5.3,71,1.0
416,4.9,69,1.0
417,-15.5,113,1.0
418,-33.7,154,1.0
419,-2.5,81,1.0
420,1.7,78,1.0
421,-1.1,84,1.0
422,0.3,79,1.0
423,-0.9,84,1.0
424,-71.6,200,0.9545454545454546
425,-29.5,145,1.0
426,-71.2,200,0.9545454545454546
427,-45.7,176,1.0
428,-19.9,121,1.0
429,-23.5,129,1.0
430,-3.3,89,1.0
431,-46.5,184,1.0
432,-87.2,200,0.7727272727272727
433,-8.1,95,1.0
434,16.3,47,1.0
435,-39.1,164,1.0
436,-37.1,163,1.0
437,-31.7,147,1.0
438,-10.9,103,1.0
439,-73.3,200,0.9090909090909091
440,-3.9,88,1.0
441,7.1,66,1.0
442,-26.3,138,1.0
443,-48.5,176,1.0
444,-20.7,122,1.0
445,-19.1,122,1.0
446,-33.5,148,1.0
447,-2.7,86,1.0
448,8.5,61,1.0
449,-3.3,93,1.0
450,-3.1,85,1.0
451,-13.5,111,1.0
452,8.9,61,1.0
453,-53.3,187,1.0
454,-9.9,100,1.0
455,-3.1,83,1.0
456,1.7,75,1.0
457,1.3,77,1.0
458,-75.0,200,0.9545454545454546
459,8.5,64,1.0
460,-74.0,200,0.8636363636363636
461,6.7,68,1.0
462,-37.3,157,1.0
463,2.5,77,1.0
464,-72.6,200,0.9545454545454546
465,0.7,76,1.0
466,-21.7,128,1.0
467,-73.4,200,0.9545454545454546
468,-9.3,102,1.0
469,-2.5,86,1.0
470,6.5,67,1.0
471,18.5,42,1.0
472,-3.1,85,1.0
473,13.7,53,1.0
474,-3.1,82,1.0
475,-8.9,103,1.0
476,-69.8,200,0.9545454545454546
477,-14.5,113,1.0
478,14.3,50,1.0
479,-20.9,124,1.0
480,-5.3,92,1.0
481,-34.5,154,1.0
482,-76.6,200,0.9545454545454546
483,-53.9,193,1.0
484,0.3,80,1.0
485,-9.7,99,1.0
486,-1.1,83,1.0
487,-75.0,200,0.9545454545454546
488,-8.1,100,1.0
489,-22.5,127,1.0
490,12.7,52,1.0
491,15.5,47,1.0
492,-6.5,94,1.0
493,-7.9,103,1.0
494,13.1,56,1.0
495,-74.6,200,0.9545454545454546
496,5.3,70,1.0
497,-8.5,101,1.0
498,8.3,64,1.0
499,-58.7,197,1.0
500,-27.1,139,1.0
501,-49.5,183,1.0
502,2.3,78,1.0
503,-49.5,182,1.0
504,-78.6,200,0.9545454545454546
505,-74.6,200,0.9545454545454546
506,-32.5,139,1.0
507,-39.9,167,1.0
508,-69.8,200,0.9545454545454546
509,-34.9,151,1.0
510,11.7,55,1.0
511,-26.7,129,1.0
512,7.9,62,1.0
513,-19.3,119,1.0
514,19.5,39,1.0
515,6.3,67,1.0
516,-8.5,100,1.0
517,-11.9,107,1.0
518,-14.1,110,1.0
519,0.7,81,1.0
520,2.5,73,1.0
521,-20.9,121,1.0
522,-27.9,140,1.0
523,-11.1,107,1.0
524,10.9,57,1.0
525,4.3,74,1.0
526,3.9,73,1.0
527,14.5,51,1.0
528,-48.7,168,1.0
529,-22.5,135,1.0
530,-52.1,186,1.0
531,3.3,75,1.0
532,-32.7,150,1.0
533,5.1,68,1.0
534,7.7,63,1.0
535,-72.6,200,0.9545454545454546
536,-7.5,96,1.0
537,9.1,62,1.0
538,-32.1,144,1.0
539,-4.3,92,1.0
540,-75.6,200,0.9545454545454546
541,-44.3,177,1.0
542,3.7,74,1.0
543,-43.9,166,1.0
544,9.3,58,1.0
545,14.9,48,1.0
546,-40.1,159,1.0
547,-76.0,200,0.9545454545454546
548,-34.1,143,1.0
549,-13.5,107,1.0
550,-78.0,200,0.9545454545454546
551,-74.6,200,0.9545454545454546
552,15.7,50,1.0
553,4.3,71,1.0
554,-49.1,185,1.0
555,0.7,81,1.0
556,-20.3,123,1.0
557,-4.7,87,1.0
558,-0.1,80,1.0
559,-3.3,86,1.0
560,-81.2,200,0.8636363636363636
561,12.3,52,1.0
562,-72.6,200,0.9545454545454546
563,14.9,50,1.0
564,22.3,35,1.0
565,25.1,29,1.0
566,-19.3,116,1.0
567,-73.0,200,0.9545454545454546
568,-23.7,126,1.0
569,-57.9,199,1.0
570,2.7,74,1.0
571,-7.7,92,1.0
572,-80.4,200,0.9545454545454546
573,9.7,58,1.0
574,-79.2,200,0.9545454545454546
575,-77.0,200,0.9545454545454546
576,-33.3,136,1.0
577,-77.6,200,0.9545454545454546
578,-74.0,200,0.9545454545454546
579,-14.3,109,1.0
580,-12.9,107,1.0
581,-77.0,200,0.9545454545454546
582,4.3,74,1.0
583,-16.7,110,1.0
584,-74.2,200,0.9545454545454546
585,-4.7,89,1.0
586,-20.1,115,1.0
587,-28.5,142,1.0
588,-14.3,111,1.0
589,-2.9,83,1.0
590,-42.9,170,1.0
591,16.1,49,1.0
592,5.9,65,1.0
593,-33.9,155,1.0
594,-73.4,200,0.9545454545454546
595,9.1,62,1.0
596,-8.5,94,1.0
597,-11.3,103,1.0
598,20.5,38,1.0
599,19.1,41,1.0
600,-4.7,89,1.0
601,7.1,68,1.0
602,9.1,61,1.0
603,6.9,67,1.0
604,-23.5,123,1.0
605,-75.6,200,0.9545454545454546
606,-1.5,79,1.0
607,-8.3,92,1.0
608,10.5,58,1.0
609,-5.7,91,1.0
610,-60.1,198,1.0
611,-1.1,82,1.0
612,6.1,67,1.0
613,7.5,65,1.0
614,-18.1,113,1.0
615,-17.7,114,1.0
616,20.1,38,1.0
617,7.3,62,1.0
618,-7.7,97,1.0
619,-75.0,200,0.9545454545454546
620,-39.1,156,1.0
621,-12.9,107,1.0
622,-10.1,102,1.0
623,-11.3,98,1.0
624,2.7,71,1.0
625,-14.1,108,1.0
626,-9.1,100,1.0
627,-2.7,86,1.0
628,-46.3,176,1.0
629,3.5,74,1.0
630,16.3,47,1.0
631,-7.9,94,1.0
632,-41.3,156,1.0
633,6.1,65,1.0
634,-25.9,134,1.0
635,-36.9,152,1.0
636,-6.1,96,1.0
637,0.7,77,1.0
638,-3.1,88,1.0
639,4.9,72,1.0
640,-88.0,200,0.8636363636363636
641,16.9,45,1.0
642,18.5,42,1.0
643,6.7,67,1.0
644,-19.5,119,1.0
645,-73.6,200,0.9545454545454546
646,-47.3,181,1.0
647,1.1,78,1.0
648,-76.8,200,0.9545454545454546
649,-6.7,91,1.0
650,-15.9,110,1.0
651,-3.1,84,1.0
652,0.5,82,1.0
653,-0.7,82,1.0
654,-4.7,87,1.0
655,-16.9,114,1.0
656,0.7,77,1.0
657,10.7,59,1.0
658,12.5,53,1.0
659,-16.1,118,1.0
660,-10.5,102,1.0
661,5.3,66,1.0
662,-10.9,104,1.0
663,8.7,61,1.0
664,-75.8,200,0.9545454545454546
665,-36.1,154,1.0
666,2.7,76,1.0
667,-51.3,192,1.0
668,-16.5,110,1.0
669,-72.0,200,0.9545454545454546
670,-43.1,167,1.0
671,2.7,80,1.0
672,-10.5,100,1.0
673,-51.3,186,1.0
674,-54.5,175,1.0
675,-41.3,165,1.0
676,6.3,67,1.0
677,11.5,59,1.0
678,-4.7,91,1.0
679,-20.7,119,1.0
680,-7.9,97,1.0
681,-8.5,94,1.0
682,-3.3,87,1.0
683,10.5,56,1.0
684,11.9,56,1.0
685,1.9,75,1.0
686,-18.5,119,1.0
687,-5.9,90,1.0
688,17.5,45,1.0
689,10.9,57,1.0
690,-76.8,200,0.9545454545454546
691,13.5,53,1.0
692,-54.3,192,1.0
693,-73.9,200,0.9090909090909091
694,-87.9,200,0.8181818181818182
695,-49.1,176,1.0
696,-77.6,200,0.9545454545454546
697,0.9,73,1.0
698,11.1,54,1.0
699,12.1,56,1.0
700,-27.5,137,1.0
701,8.3,64,1.0
702,5.1,68,1.0
703,-27.1,129,1.0
704,-43.1,160,1.0
705,-74.8,200,0.9545454545454546
706,-4.1,86,1.0
707,19.5,39,1.0
708,7.9,63,1.0
709,7.3,65,1.0
710,-49.3,178,1.0
711,16.3,46,1.0
712,0.9,78,1.0
713,-75.4,200,0.9545454545454546
714,8.9,61,1.0
715,-43.1,162,1.0
716,-24.7,131,1.0
717,11.7,56,1.0
718,-76.0,200,0.9545454545454546
719,13.5,53,1.0
720,-15.7,113,1.0
721,-73.8,200,0.9545454545454546
722,8.9,64,1.0
723,12.3,54,1.0
724,-24.7,127,1.0
725,10.5,62,1.0
726,-74.2,200,0.9545454545454546
727,10.7,57,1.0
728,-26.5,134,1.0
729,-16.9,108,1.0
730,8.3,64,1.0
731,9.7,60,1.0
732,-3.5,85,1.0
733,-4.3,90,1.0
734,-15.9,108,1.0
735,3.5,72,1.0
736,-25.9,130,1.0
737,-9.1,97,1.0
738,-1.3,81,1.0
739,-15.5,108,1.0
740,18.5,44,1.0
741,-56.9,183,1.0
742,3.5,73,1.0
743,-61.3,192,1.0
744,-1.1,79,1.0
745,-10.5,102,1.0
746,-10.1,102,1.0
747,-76.9,200,0.9090909090909091
748,3.3,72,1.0
749,-54.7,198,1.0
750,5.5,70,1.0
751,-81.9,200,0.9090909090909091
752,-29.7,137,1.0
753,6.9,66,1.0
754,5.7,66,1.0
755,-59.1,197,1.0
756,-6.9,94,1.0
757,-56.9,196,1.0
758,15.1,51,1.0
759,1.7,82,1.0
760,0.5,81,1.0
761,-34.9,151,1.0
762,-18.9,117,1.0
763,13.5,51,1.0
764,9.1,63,1.0
765,-28.1,137,1.0
766,-31.1,138,1.0
767,-3.9,85,1.0
768,-11.7,102,1.0
769,-4.7,89,1.0
770,-23.5,124,1.0
771,5.3,69,1.0
772,-76.2,200,0.9545454545454546
773,-27.7,133,1.0
774,-42.1,166,1.0
775,-16.3,115,1.0
776,2.1,79,1.0
777,19.3,41,1.0
778,-21.7,121,1.0
779,13.9,51,1.0
780,-36.7,143,1.0
781,-75.0,200,0.9545454545454546
782,-5.3,91,1.0
783,-14.3,107,1.0
784,11.3,57,1.0
785,-48.9,179,1.0
786,-81.0,200,0.9545454545454546
787,-9.9,99,1.0
788,-13.7,106,1.0
789,-10.7,103,1.0
790,-37.3,164,1.0
791,-3.7,85,1.0
792,-27.5,129,1.0
793,11.9,59,1.0
794,10.5,59,1.0
795,-0.1,81,1.0
796,-0.1,80,1.0
797,-8.5,96,1.0
798,-28.7,135,1.0
799,-10.7,101,1.0
800,6.9,63,1.0
801,-81.4,200,0.9545454545454546
802,-10.3,96,1.0
803,-29.1,139,1.0
804,-25.1,133,1.0
805,-47.1,173,1.0
806,8.3,64,1.0
807,-12.7,108,1.0
808,0.7,73,1.0
809,-20.3,114,1.0
810,-17.9,111,1.0
811,-15.5,110,1.0
812,-15.5,115,1.0
813,3.1,75,1.0
814,-4.5,91,1.0
815,18.1,42,1.0
816,12.7,55,1.0
817,-38.7,158,1.0
818,-45.3,176,1.0
819,-77.6,200,0.9545454545454546
820,-18.3,115,1.0
821,5.7,66,1.0
822,7.5,62,1.0
823,-3.1,88,1.0
824,-13.3,107,1.0
825,6.9,66,1.0
826,15.7,46,1.0
827,-50.9,175,1.0
828,-22.3,126,1.0
829,8.9,64,1.0
830,-74.8,200,0.9545454545454546
831,-22.1,121,1.0
832,-4.9,89,1.0
833,-15.7,114,1.0
834,17.5,44,1.0
835,6.1,65,1.0
836,-22.1,123,1.0
837,-43.9,165,1.0
838,-5.9,89,1.0
839,7.5,64,1.0
840,-19.3,112,1.0
841,-80.1,200,0.9090909090909091
842,-16.3,115,1.0
843,13.5,50,1.0
844,-10.3,104,1.0
845,7.1,60,1.0
846,-9.9,98,1.0
847,-26.1,126,1.0
848,-2.7,85,1.0
849,-4.9,89,1.0
850,-38.7,141,1.0
851,-6.5,90,1.0
852,-18.3,114,1.0
853,-11.7,103,1.0
854,-0.3,81,1.0
855,-72.2,200,0.9545454545454546
856,12.1,54,1.0
857,-0.1,74,1.0
858,-125.0,200,0.045454545454545456
859,13.7,53,1.0
860,-6.9,90,1.0
861,2.5,74,1.0
862,-37.5,157,1.0
863,-9.3,95,1.0
864,-125.0,200,0.045454545454545456
865,-76.0,200,0.9545454545454546
866,-76.5,200,0.9090909090909091
867,-80.3,200,0.9090909090909091
868,-19.3,117,1.0
869,-80.0,200,0.8636363636363636
870,-86.8,200,0.8636363636363636
871,-73.6,200,0.9545454545454546
872,-77.9,200,0.9090909090909091
873,-47.1,179,1.0
874,-57.5,196,1.0
875,-81.8,200,0.8636363636363636
876,-76.4,200,0.9545454545454546
877,-82.0,200,0.7727272727272727
878,-51.5,178,1.0
879,-2.5,83,1.0
880,-81.1,200,0.9090909090909091
881,-32.7,138,1.0
882,-30.9,143,1.0
883,-81.4,200,0.7727272727272727
884,3.1,74,1.0
885,-33.3,152,1.0
886,2.5,74,1.0
887,-54.3,188,1.0
888,-19.3,115,1.0
889,12.9,51,1.0
890,-8.9,95,1.0
891,15.5,48,1.0
892,-2.9,82,1.0
893,-80.4,200,0.9545454545454546
894,1.5,80,1.0
895,-6.9,93,1.0
896,-1.9,87,1.0
897,-0.1,78,1.0
898,-70.8,200,0.9545454545454546
899,-16.5,118,1.0
900,-42.1,165,1.0
901,-12.9,110,1.0
902,-71.8,200,0.9545454545454546
903,-1.9,88,1.0
904,-72.1,200,0.9090909090909091
905,-34.1,154,1.0
906,-16.5,114,1.0
907,5.7,69,1.0
908,14.5,50,1.0
909,-47.5,178,1.0
910,-2.9,86,1.0
911,14.1,53,1.0
912,-79.0,200,0.9545454545454546
913,-26.5,135,1.0
914,0.3,76,1.0
915,19.7,39,1.0
916,-15.7,108,1.0
917,-22.1,123,1.0
918,-32.1,147,1.0
919,-24.7,136,1.0
920,4.1,72,1.0
921,-49.5,168,1.0
922,-27.5,135,1.0
923,-39.7,176,1.0
924,-39.5,160,1.0
925,5.7,67,1.0
926,-19.1,117,1.0
927,-8.5,96,1.0
928,-0.1,79,1.0
929,-21.7,123,1.0
930,-41.3,168,1.0
931,-75.0,200,0.9545454545454546
932,12.9,56,1.0
933,6.9,68,1.0
934,-13.1,111,1.0
935,-24.5,125,1.0
936,9.1,62,1.0
937,-1.1,84,1.0
938,1.7,71,1.0
939,4.7,67,1.0
940,-75.0,200,0.9545454545454546
941,-66.6,200,0.9545454545454546
942,12.9,53,1.0
943,-5.7,89,1.0
944,-68.8,200,0.9545454545454546
945,-22.7,125,1.0
946,2.9,74,1.0
947,11.5,55,1.0
948,2.3,78,1.0
949,-36.9,154,1.0
950,-41.3,169,1.0
951,-74.0,200,0.9545454545454546
952,-19.7,124,1.0
953,-12.7,104,1.0
954,-76.2,200,0.9545454545454546
955,-70.8,200,0.9545454545454546
956,23.1,33,1.0
957,3.3,71,1.0
958,-30.9,142,1.0
959,-78.1,200,0.9090909090909091
960,-72.3,200,0.9090909090909091
961,-82.6,200,0.9545454545454546
962,14.1,50,1.0
963,21.7,35,1.0
964,5.3,71,1.0
965,-61.5,199,1.0
966,-38.9,151,1.0
967,-72.6,200,0.9545454545454546
968,-75.5,200,0.9090909090909091
969,-72.6,200,0.9545454545454546
970,4.9,70,1.0
971,-42.9,173,1.0
972,-75.7,200,0.9090909090909091
973,-77.9,200,0.9090909090909091
974,-83.0,200,0.8636363636363636
975,-37.5,150,1.0
976,7.1,62,1.0
977,-74.0,200,0.9545454545454546
978,-19.7,118,1.0
979,-8.7,94,1.0
980,7.5,68,1.0
981,-81.8,200,0.9545454545454546
982,-72.8,200,0.9545454545454546
983,15.3,45,1.0
984,-73.8,200,0.9545454545454546
985,-19.1,121,1.0
986,-55.3,197,1.0
987,7.7,63,1.0
988,-73.7,200,0.9090909090909091
989,-14.3,110,1.0
990,-77.2,200,0.9545454545454546
991,-52.1,171,1.0
992,-14.3,108,1.0
993,7.3,65,1.0
994,-21.3,119,1.0
995,-10.7,99,1.0
996,4.7,67,1.0
997,15.9,49,1.0
998,-0.7,84,1.0
999,-79.1,200,0.9090909090909091
1000,-18.1,119,1.0
1001,-52.5,191,1.0
1002,-82.4,200,0.9545454545454546
1003,-11.7,109,1.0
1004,-19.9,124,1.0
1005,-73.6,200,0.9545454545454546
1006,-15.3,104,1.0
1007,2.7,76,1.0
1008,-75.5,200,0.9090909090909091
1009,-24.3,128,1.0
1010,-16.5,113,1.0
1011,-71.0,200,0.9545454545454546
1012,-41.7,169,1.0
1013,-23.3,130,1.0
1014,-53.7,193,1.0
1015,-49.7,173,1.0
1016,11.7,54,1.0
1017,22.7,34,1.0
1018,-2.3,88,1.0
1019,-38.9,163,1.0
1020,-125.0,200,0.045454545454545456
1021,-75.0,200,0.9545454545454546
1022,-30.3,142,1.0
1023,-12.7,108,1.0
1024,-12.5,109,1.0
1025,0.9,83,1.0
1026,2.5,75,1.0
1027,-73.2,200,0.9545454545454546
1028,-2.5,83,1.0
1029,-24.3,129,1.0
1030,13.7,51,1.0
1031,-2.5,89,1.0
1032,10.1,61,1.0
1033,-75.6,200,0.9545454545454546
1034,-15.5,105,1.0
1035,10.3,59,1.0
1036,-16.5,109,1.0
1037,-14.1,108,1.0
1038,8.1,63,1.0
1039,10.5,57,1.0
1040,-6.9,97,1.0
1041,-19.5,127,1.0
1042,-26.3,132,1.0
1043,-8.3,90,1.0
1044,-76.2,200,0.9545454545454546
1045,-3.9,85,1.0
1046,9.9,59,1.0
1047,-27.9,141,1.0
1048,-69.8,200,0.9545454545454546
1049,13.1,55,1.0
1050,12.5,53,1.0
1051,-79.8,200,0.9545454545454546
1052,-14.7,110,1.0
1053,7.9,63,1.0
1054,-7.3,96,1.0
1055,7.3,64,1.0
1056,-9.3,92,1.0
1057,-2.7,88,1.0
1058,11.9,57,1.0
1059,-12.7,99,1.0
1060,-33.7,150,1.0
1061,-12.7,104,1.0
1062,5.5,69,1.0
1063,-17.3,120,1.0
1064,-20.1,123,1.0
1065,-51.9,188,1.0
1066,-89.9,200,0.8181818181818182
1067,-73.6,200,0.9545454545454546
1068,-23.9,126,1.0
1069,-11.1,106,1.0
1070,-3.3,84,1.0
1071,-24.1,134,1.0
1072,-78.6,200,0.9545454545454546
1073,24.3,30,1.0
1074,8.5,64,1.0
1075,-71.0,200,0.9545454545454546
1076,-25.7,129,1.0
1077,-80.2,200,0.8636363636363636
1078,-4.7,88,1.0
1079,-5.7,92,1.0
1080,12.3,53,1.0
1081,5.3,72,1.0
1082,-94.4,200,0.8636363636363636
1083,-0.5,78,1.0
1084,-75.4,200,0.9545454545454546
1085,0.9,75,1.0
1086,11.9,55,1.0
1087,-7.5,92,1.0
1088,9.5,58,1.0
1089,-9.5,97,1.0
1090,5.1,70,1.0
1091,-44.3,174,1.0
1092,17.7,45,1.0
1093,-47.9,180,1.0
1094,-1.3,85,1.0
1095,4.7,72,1.0
1096,8.5,61,1.0
1097,-77.0,200,0.9545454545454546
1098,-51.1,168,1.0
1099,-9.9,101,1.0
1100,-19.3,121,1.0
1101,8.1,65,1.0
1102,-6.7,91,1.0
1103,2.3,73,1.0
1104,-6.7,92,1.0
1105,-25.1,133,1.0
1106,-37.5,163,1.0
1107,-72.0,200,0.9545454545454546
1108,-1.1,85,1.0
1109,11.9,54,1.0
1110,2.9,71,1.0
1111,-4.9,83,1.0
1112,20.5,38,1.0
1113,-36.7,153,1.0
1114,-13.9,114,1.0
1115,-78.0,200,0.9545454545454546
1116,4.7,72,1.0
1117,-33.9,152,1.0
1118,-26.3,131,1.0
1119,0.7,80,1.0
1120,9.9,58,1.0
1121,-10.7,95,1.0
1122,9.1,63,1.0
1123,-73.2,200,0.9545454545454546
1124,9.9,60,1.0
1125,-0.1,80,1.0
1126,-27.5,134,1.0
1127,0.3,80,1.0
1128,7.7,66,1.0
1129,-29.9,145,1.0
1130,-90.2,200,0.6818181818181818
1131,-19.5,120,1.0
1132,0.1,83,1.0
1133,-75.6,200,0.9545454545454546
1134,-90.7,200,0.9090909090909091
1135,16.3,46,1.0
1136,-14.3,115,1.0
1137,-8.3,98,1.0
1138,-40.7,158,1.0
1139,-19.5,123,1.0
1140,-1.5,83,1.0
1141,-85.6,200,0.9545454545454546
1142,-0.7,85,1.0
1143,-125.0,200,0.045454545454545456
1144,-26.3,137,1.0
1145,-47.1,176,1.0
1146,16.1,47,1.0
1147,14.3,50,1.0
1148,-24.9,130,1.0
1149,3.7,72,1.0
1150,-19.1,122,1.0
1151,-2.7,88,1.0
1152,-1.5,80,1.0
1153,-19.1,112,1.0
1154,-21.3,128,1.0
1155,-72.2,200,0.9545454545454546
1156,-79.8,200,0.9545454545454546
1157,-36.9,154,1.0
1158,-3.7,86,1.0
1159,19.5,41,1.0
1160,-9.3,98,1.0
1161,-19.3,108,1.0
1162,-0.7,80,1.0
1163,13.1,54,1.0
1164,-44.9,177,1.0
1165,-0.3,79,1.0
1166,-76.8,200,0.9545454545454546
1167,9.9,62,1.0
1168,25.9,26,1.0
1169,17.7,42,1.0
1170,-17.9,117,1.0
1171,4.1,71,1.0
1172,-0.7,79,1.0
1173,-77.4,200,0.9545454545454546
1174,4.5,66,1.0
1175,-74.2,200,0.9545454545454546
1176,-36.9,158,1.0
1177,2.5,81,1.0
1178,-30.5,137,1.0
1179,-17.1,117,1.0
1180,-6.1,95,1.0
1181,-2.7,86,1.0
1182,9.5,61,1.0
1183,3.1,75,1.0
1184,7.9,67,1.0
1185,-11.3,97,1.0
1186,-34.1,150,1.0
1187,-44.1,163,1.0
1188,-38.9,167,1.0
1189,-78.4,200,0.9545454545454546
1190,2.1,75,1.0
1191,12.9,55,1.0
1192,7.3,65,1.0
1193,-38.1,158,1.0
1194,10.7,58,1.0
1195,6.5,68,1.0
1196,-39.3,165,1.0
1197,-1.5,86,1.0
1198,-72.2,200,0.9545454545454546
1199,13.9,51,1.0
1200,6.9,66,1.0
1201,12.1,55,1.0
1202,-35.7,151,1.0
1203,10.7,61,1.0
1204,20.9,39,1.0
1205,13.9,50,1.0
1206,19.9,39,1.0
1207,-10.3,104,1.0
1208,12.9,52,1.0
1209,-2.7,83,1.0
1210,11.5,56,1.0
1211,22.5,34,1.0
1212,1.1,75,1.0
1213,10.3,57,1.0
1214,20.5,38,1.0
1215,10.1,58,1.0
1216,4.1,70,1.0
1217,-57.5,186,1.0
1218,-73.9,200,0.9090909090909091
1219,-10.1,100,1.0
1220,8.7,58,1.0
1221,8.7,62,1.0
1222,2.3,75,1.0
1223,-73.8,200,0.9545454545454546
1224,18.3,44,1.0
1225,-27.3,132,1.0
1226,-47.9,176,1.0
1227,19.3,41,1.0
1228,8.5,61,1.0
1229,-14.5,104,1.0
1230,-0.5,80,1.0
1231,-14.3,105,1.0
1232,-5.9,91,1.0
1233,-0.5,78,1.0
1234,-81.3,200,0.9090909090909091
1235,7.1,68,1.0
1236,11.3,57,1.0
1237,-13.1,108,1.0
1238,-28.9,135,1.0
1239,-12.7,105,1.0
1240,18.1,44,1.0
1241,13.5,53,1.0
1242,5.7,70,1.0
1243,-1.3,79,1.0
1244,13.7,50,1.0
1245,20.1,38,1.0
1246,11.9,55,1.0
1247,2.3,74,1.0
1248,-3.3,89,1.0
1249,-85.2,200,0.9545454545454546
1250,-44.5,165,1.0
1251,-29.5,138,1.0
1252,-3.5,91,1.0
1253,-18.5,119,1.0
1254,-54.9,189,1.0
1255,-7.9,100,1.0
1256,11.5,56,1.0
1257,16.3,47,1.0
1258,-37.1,148,1.0
1259,0.9,80,1.0
1260,17.7,45,1.0
1261,-3.1,86,1.0
1262,20.7,38,1.0
1263,-2.9,84,1.0
1264,-26.3,132,1.0
1265,-76.2,200,0.9545454545454546
1266,-19.3,116,1.0
1267,1.5,75,1.0
1268,4.3,70,1.0
1269,-24.5,131,1.0
1270,-13.3,105,1.0
1271,-34.9,152,1.0
1272,6.9,66,1.0
1273,-27.1,136,1.0
1274,13.3,51,1.0
1275,11.3,56,1.0
1276,14.3,49,1.0
1277,-13.7,106,1.0
1278,23.1,32,1.0
1279,-7.1,93,1.0
1280,-29.1,146,1.0
1281,-1.1,82,1.0
1282,5.3,67,1.0
1283,12.7,54,1.0
1284,8.9,61,1.0
1285,-73.4,200,0.9545454545454546
1286,-15.7,105,1.0
1287,12.1,54,1.0
1288,-54.5,193,1.0
1289,-15.1,112,1.0
1290,5.9,70,1.0
1291,4.9,68,1.0
1292,17.9,44,1.0
1293,-86.4,200,0.8636363636363636
1294,12.5,52,1.0
1295,-95.5,200,0.6363636363636364
1296,6.9,64,1.0
1297,-0.7,83,1.0
1298,0.9,78,1.0
1299,0.1,78,1.0
1300,-19.9,119,1.0
1301,-8.3,97,1.0
1302,18.7,42,1.0
1303,19.7,38,1.0
1304,-74.4,200,0.9545454545454546
1305,-18.3,104,1.0
1306,-79.8,200,0.9545454545454546
1307,18.5,42,1.0
1308,-11.5,107,1.0
1309,6.5,68,1.0
1310,-10.9,107,1.0
1311,-78.0,200,0.9545454545454546
1312,-74.6,200,0.9545454545454546
1313,-23.5,131,1.0
1314,-16.9,116,1.0
1315,-18.1,113,1.0
1316,-6.1,92,1.0
1317,-76.3,200,0.9090909090909091
1318,21.7,36,1.0
1319,-13.7,108,1.0
1320,21.7,36,1.0
1321,-79.2,200,0.9545454545454546
1322,-27.1,136,1.0
1323,4.9,71,1.0
1324,8.7,64,1.0
1325,-7.5,95,1.0
1326,-125.0,200,0.045454545454545456
1327,13.9,51,1.0
1328,-1.7,81,1.0
1329,12.5,54,1.0
1330,-32.3,147,1.0
1331,2.7,72,1.0
1332,-60.1,193,1.0
1333,-18.5,117,1.0
1334,-77.2,200,0.9545454545454546
1335,9.7,58,1.0
1336,4.5,66,1.0
1337,15.3,49,1.0
1338,9.7,61,1.0
1339,-75.6,200,0.9545454545454546
1340,-8.5,97,1.0
1341,-6.3,87,1.0
1342,11.7,56,1.0
1343,-75.0,200,0.9545454545454546
1344,0.5,78,1.0
1345,-32.3,148,1.0
1346,-3.7,85,1.0
1347,-53.3,183,1.0
1348,14.5,49,1.0
1349,14.7,49,1.0
1350,-8.5,97,1.0
1351,1.1,78,1.0
1352,6.5,66,1.0
1353,-9.3,96,1.0
1354,-41.9,162,1.0
1355,-3.5,85,1.0
1356,-74.0,200,0.9545454545454546
1357,-120.5,200,0.09090909090909091
1358,0.5,80,1.0
1359,-11.3,101,1.0
1360,-13.7,105,1.0
1361,2.7,80,1.0
1362,-73.6,200,0.9545454545454546
1363,-75.6,200,0.9545454545454546
1364,-79.8,200,0.9545454545454546
1365,-31.7,141,1.0
1366,12.9,54,1.0
1367,-13.9,108,1.0
1368,-77.6,200,0.9545454545454546
1369,-24.3,133,1.0
1370,-10.7,100,1.0
1371,-19.5,119,1.0
1372,-28.3,134,1.0
1373,12.3,55,1.0
1374,12.7,53,1.0
1375,-28.3,145,1.0
1376,-7.5,96,1.0
1377,1.1,74,1.0
1378,-28.1,141,1.0
1379,17.9,45,1.0
1380,-8.5,99,1.0
1381,-0.3,78,1.0
1382,4.9,71,1.0
1383,13.1,53,1.0
1384,12.3,55,1.0
1385,-19.5,126,1.0
1386,-4.3,91,1.0
1387,-22.3,126,1.0
1388,11.7,52,1.0
1389,-71.8,200,0.9545454545454546
1390,-37.1,164,1.0
1391,15.5,49,1.0
1392,-21.3,123,1.0
1393,-34.3,150,1.0
1394,18.9,41,1.0
1395,-10.7,97,1.0
1396,17.1,46,1.0
1397,-11.3,105,1.0
1398,17.7,43,1.0
1399,-7.7,95,1.0
1400,2.7,76,1.0
1401,-10.9,98,1.0
1402,14.1,52,1.0
1403,2.7,75,1.0
1404,17.1,44,1.0
1405,-17.7,115,1.0
1406,18.9,42,1.0
1407,-3.5,85,1.0
1408,-78.0,200,0.9545454545454546
1409,5.7,64,1.0
1410,8.7,63,1.0
1411,12.1,54,1.0
1412,-7.9,98,1.0
1413,15.7,47,1.0
1414,8.7,60,1.0
1415,-70.8,200,0.9545454545454546
1416,13.3,54,1.0
1417,4.3,70,1.0
1418,-7.3,94,1.0
1419,-43.5,166,1.0
1420,11.3,60,1.0
1421,-31.1,149,1.0
1422,-0.7,84,1.0
1423,8.3,63,1.0
1424,2.9,73,1.0
1425,4.7,69,1.0
1426,-4.5,96,1.0
1427,-11.9,103,1.0
1428,-75.4,200,0.9545454545454546
1429,-29.5,137,1.0
1430,3.1,78,1.0
1431,14.7,50,1.0
1432,18.9,42,1.0
1433,-76.0,200,0.9545454545454546
1434,-3.7,87,1.0
1435,-31.9,148,1.0
1436,-76.0,200,0.9545454545454546
1437,-4.9,88,1.0
1438,-30.7,144,1.0
1439,-18.9,111,1.0
1440,-18.1,117,1.0
1441,-20.9,127,1.0
1442,-18.5,110,1.0
1443,-30.9,146,1.0
1444,-1.9,85,1.0
1445,9.7,60,1.0
1446,-0.1,79,1.0
1447,-79.8,200,0.9545454545454546
1448,0.9,78,1.0
1449,-16.5,105,1.0
1450,8.9,59,1.0
1451,-2.3,79,1.0
1452,-79.6,200,0.9545454545454546
1453,14.5,52,1.0
1454,-24.7,132,1.0
1455,-11.1,101,1.0
1456,8.3,59,1.0
1457,-4.5,92,1.0
1458,-5.7,90,1.0
1459,-17.5,115,1.0
1460,-71.6,200,0.9545454545454546
1461,-77.4,200,0.9545454545454546
1462,-43.1,165,1.0
1463,-2.1,83,1.0
1464,-9.3,104,1.0
1465,-6.3,87,1.0
1466,-0.9,81,1.0
1467,-75.2,200,0.9545454545454546
1468,12.9,53,1.0
1469,-11.7,108,1.0
1470,-15.3,109,1.0
1471,-71.8,200,0.9545454545454546
1472,-27.9,137,1.0
1473,-71.0,200,0.9545454545454546
1474,0.9,78,1.0
1475,11.9,55,1.0
1476,4.9,66,1.0
1477,13.5,53,1.0
1478,-4.5,86,1.0
1479,11.3,57,1.0
1480,1.9,76,1.0
1481,-81.1,200,0.9090909090909091
1482,5.5,72,1.0
1483,11.5,57,1.0
1484,13.7,49,1.0
1485,-54.3,183,1.0
1486,3.1,71,1.0
1487,17.9,44,1.0
1488,12.9,53,1.0
1489,4.3,70,1.0
1490,-73.2,200,0.9545454545454546
1491,-70.0,200,0.9545454545454546
1492,-68.4,200,0.9545454545454546
1493,-1.3,82,1.0
1494,12.5,54,1.0
1495,-1.7,82,1.0
1496,15.3,49,1.0
1497,-40.1,164,1.0
1498,-80.2,200,0.8636363636363636
1499,-73.7,200,0.9090909090909091
1500,4.3,72,1.0
1501,-0.1,85,1.0
1502,-71.0,200,0.9545454545454546
1503,11.9,55,1.0
1504,5.7,72,1.0
1505,3.3,72,1.0
1506,1.5,77,1.0
1507,16.7,46,1.0
1508,-51.3,188,1.0
1509,16.1,49,1.0
1510,-83.3,200,0.9090909090909091
1511,-0.9,81,1.0
1512,19.1,40,1.0
1513,1.7,81,1.0
1514,5.1,68,1.0
1515,9.1,61,1.0
1516,1.5,76,1.0
1517,20.3,38,1.0
1518,18.3,42,1.0
1519,0.1,81,1.0
1520,-39.5,158,1.0
1521,-45.3,170,1.0
1522,4.7,70,1.0
1523,-11.3,102,1.0
1524,-32.9,145,1.0
1525,-19.5,122,1.0
1526,-28.9,133,1.0
1527,6.5,66,1.0
1528,-71.0,200,0.9545454545454546
1529,17.7,42,1.0
1530,19.9,40,1.0
1531,-73.0,200,0.9545454545454546
1532,-5.1,91,1.0
1533,7.5,63,1.0
1534,-24.5,133,1.0
1535,13.5,53,1.0
1536,-12.1,104,1.0
1537,12.1,54,1.0
1538,1.3,74,1.0
1539,10.1,61,1.0
1540,12.5,52,1.0
1541,-10.7,107,1.0
1542,-30.1,141,1.0
1543,5.7,67,1.0
1544,-14.7,110,1.0
1545,-83.0,200,0.9545454545454546
1546,-3.9,95,1.0
1547,-25.7,137,1.0
1548,0.9,80,1.0
1549,21.9,35,1.0
1550,-0.5,77,1.0
1551,-43.3,170,1.0
1552,10.5,59,1.0
1553,-15.9,109,1.0
1554,-18.3,113,1.0
1555,-12.7,108,1.0
1556,16.5,46,1.0
1557,-22.3,123,1.0
1558,9.7,62,1.0
1559,1.9,76,1.0
1560,-69.8,200,0.9545454545454546
1561,9.1,59,1.0
1562,-73.9,200,0.9090909090909091
1563,-0.5,83,1.0
1564,8.5,65,1.0
1565,10.3,57,1.0
1566,-16.3,110,1.0
1567,-5.5,90,1.0
1568,5.9,69,1.0
1569,-75.8,200,0.9545454545454546
1570,16.7,45,1.0
1571,-77.6,200,0.8636363636363636
1572,7.3,65,1.0
1573,10.9,59,1.0
1574,-1.3,83,1.0
1575,-38.7,158,1.0
1576,3.9,70,1.0
1577,-32.9,143,1.0
1578,-85.6,200,0.9545454545454546
1579,-50.9,186,1.0
1580,-73.8,200,0.9545454545454546
1581,16.9,46,1.0
1582,-79.0,200,0.9545454545454546
1583,9.1,63,1.0
1584,-72.4,200,0.9545454545454546
1585,-20.9,121,1.0
1586,-23.5,131,1.0
1587,-23.5,130,1.0
1588,2.9,74,1.0
1589,-76.4,200,0.9545454545454546
1590,-76.8,200,0.9545454545454546
1591,-71.6,200,0.9545454545454546
1592,-25.1,131,1.0
1593,-83.0,200,0.7727272727272727
1594,-11.1,99,1.0
1595,-5.5,90,1.0
1596,16.3,49,1.0
1597,-24.9,131,1.0
1598,-5.5,92,1.0
1599,-74.8,200,0.9545454545454546
1600,-58.9,197,1.0
1601,-22.3,115,1.0
1602,-1.1,81,1.0
1603,-43.3,166,1.0
1604,-1.5,80,1.0
1605,-7.3,96,1.0
1606,-59.7,200,1.0
1607,-18.1,111,1.0
1608,-41.5,165,1.0
1609,-16.7,114,1.0
1610,2.1,75,1.0
1611,-15.9,114,1.0
1612,-53.5,188,1.0
1613,4.7,72,1.0
1614,-75.2,200,0.9545454545454546
1615,4.7,69,1.0
1616,-13.9,109,1.0
1617,8.3,59,1.0
1618,1.5,74,1.0
1619,-11.9,106,1.0
1620,-25.9,137,1.0
1621,-8.5,91,1.0
1622,-9.3,97,1.0
1623,-13.9,103,1.0
1624,-10.9,97,1.0
1625,3.3,74,1.0
1626,-75.6,200,0.9545454545454546
1627,5.3,68,1.0
1628,-72.6,200,0.9545454545454546
1629,-14.9,105,1.0
1630,-1.9,83,1.0
1631,-7.5,92,1.0
1632,-75.0,200,0.9545454545454546
1633,-46.9,178,1.0
1634,15.1,47,1.0
1635,-78.4,200,0.9545454545454546
1636,-0.9,80,1.0
1637,2.7,73,1.0
1638,-19.9,118,1.0
1639,-14.7,111,1.0
1640,10.3,57,1.0
1641,-74.1,200,0.9090909090909091
1642,-20.7,122,1.0
1643,-72.6,200,0.9545454545454546
1644,-53.3,192,1.0
1645,18.1,45,1.0
1646,-11.9,103,1.0
1647,-73.6,200,0.9545454545454546
1648,-76.6,200,0.8636363636363636
1649,15.5,49,1.0
1650,13.9,51,1.0
1651,7.5,66,1.0
1652,-14.7,110,1.0
1653,3.3,69,1.0
1654,6.1,66,1.0
1655,7.7,68,1.0
1656,4.9,67,1.0
1657,-9.5,103,1.0
1658,-38.9,161,1.0
1659,-73.8,200,0.9545454545454546
1660,-2.9,89,1.0
1661,-22.1,121,1.0
1662,-74.0,200,0.9545454545454546
1663,20.3,41,1.0
1664,-8.9,101,1.0
1665,-10.5,96,1.0
1666,-8.1,97,1.0
1667,6.1,66,1.0
1668,-18.7,119,1.0
1669,9.1,59,1.0
1670,15.7,49,1.0
1671,-72.7,200,0.9090909090909091
1672,7.9,64,1.0
1673,-54.1,184,1.0
1674,-1.9,81,1.0
1675,16.5,47,1.0
1676,12.3,58,1.0
1677,17.7,45,1.0
1678,7.3,64,1.0
1679,-13.5,100,1.0
1680,-2.5,82,1.0
1681,-27.5,125,1.0
1682,-14.1,110,1.0
1683,10.3,60,1.0
1684,11.9,56,1.0
1685,-18.5,123,1.0
1686,17.7,41,1.0
1687,-3.9,85,1.0
1688,9.9,58,1.0
1689,-76.2,200,0.9545454545454546
1690,-19.9,115,1.0
1691,-46.3,177,1.0
1692,-76.8,200,0.9545454545454546
1693,1.7,78,1.0
1694,-59.3,190,1.0
1695,-1.1,78,1.0
1696,18.5,41,1.0
1697,13.1,54,1.0
1698,-16.5,110,1.0
1699,-9.5,97,1.0
1700,-79.4,200,0.9545454545454546
1701,-39.3,164,1.0
1702,-1.5,83,1.0
1703,-15.3,107,1.0
1704,-29.3,138,1.0
1705,-79.0,200,0.9545454545454546
1706,-7.5,95,1.0
1707,-5.9,89,1.0
1708,-59.9,184,1.0
1709,-75.8,200,0.9545454545454546
1710,-23.9,125,1.0
1711,-74.4,200,0.9545454545454546
1712,-26.1,129,1.0
1713,10.9,57,1.0
1714,-15.3,110,1.0
1715,-73.6,200,0.9545454545454546
1716,6.5,65,1.0
1717,-7.7,95,1.0
1718,-32.7,151,1.0
1719,16.1,49,1.0
1720,-19.7,122,1.0
1721,-78.0,200,0.9545454545454546
1722,-2.9,87,1.0
1723,11.1,54,1.0
1724,20.9,37,1.0
1725,6.9,66,1.0
1726,13.5,53,1.0
1727,-3.5,84,1.0
1728,1.3,80,1.0
1729,-10.1,105,1.0
1730,12.1,53,1.0
1731,5.9,70,1.0
1732,-5.9,86,1.0
1733,10.9,59,1.0
1734,-11.7,105,1.0
1735,1.3,76,1.0
1736,-20.3,119,1.0
1737,13.7,50,1.0
1738,6.7,63,1.0
1739,-4.1,83,1.0
1740,-37.3,153,1.0
1741,-19.3,110,1.0
1742,-49.7,173,1.0
1743,8.3,63,1.0
1744,-8.3,93,1.0
1745,11.9,55,1.0
1746,4.1,69,1.0
1747,-72.6,200,0.9545454545454546
1748,11.9,55,1.0
1749,-32.9,147,1.0
1750,-71.4,200,0.9545454545454546
1751,-15.1,106,1.0
1752,-31.7,144,1.0
1753,-5.9,91,1.0
1754,15.1,50,1.0
1755,12.7,54,1.0
1756,-14.3,117,1.0
1757,-30.7,139,1.0
1758,16.9,43,1.0
1759,4.1,75,1.0
1760,-15.5,110,1.0
1761,21.9,36,1.0
1762,15.9,48,1.0
1763,0.5,74,1.0
1764,-73.0,200,0.9545454545454546
1765,11.3,57,1.0
1766,-77.5,200,0.9090909090909091
1767,5.1,73,1.0
1768,10.9,59,1.0
1769,-75.0,200,0.9545454545454546
1770,4.3,70,1.0
1771,-5.7,84,1.0
1772,-19.9,115,1.0
1773,-53.5,182,1.0
1774,11.1,56,1.0
1775,11.1,59,1.0
1776,-49.3,173,1.0
1777,6.3,64,1.0
1778,-1.7,81,1.0
1779,10.7,59,1.0
1780,4.5,73,1.0
1781,-54.1,196,1.0
1782,12.1,56,1.0
1783,-77.1,200,0.9090909090909091
1784,2.9,72,1.0
1785,-7.9,88,1.0
1786,-19.3,117,1.0
1787,-4.3,87,1.0
1788,-78.2,200,0.9545454545454546
1789,16.3,44,1.0
1790,-1.7,77,1.0
1791,-75.2,200,0.9545454545454546
1792,-29.5,146,1.0
1793,1.5,73,1.0
1794,-75.8,200,0.9545454545454546
1795,-80.2,200,0.9545454545454546
1796,12.7,53,1.0
1797,-14.5,108,1.0
1798,-9.9,94,1.0
1799,-78.4,200,0.9545454545454546
1800,-1.3,83,1.0
1801,-13.9,105,1.0
1802,4.3,71,1.0
1803,12.3,53,1.0
1804,6.5,68,1.0
1805,13.3,55,1.0
1806,18.3,43,1.0
1807,6.3,68,1.0
1808,-7.9,90,1.0
1809,-27.9,136,1.0
1810,-5.3,90,1.0
1811,-53.3,191,1.0
1812,15.7,46,1.0
1813,-78.3,200,0.8181818181818182
1814,-48.7,186,1.0
1815,-77.4,200,0.9545454545454546
1816,5.1,65,1.0
1817,-54.1,196,1.0
1818,14.5,50,1.0
1819,8.7,61,1.0
1820,11.3,58,1.0
1821,-73.8,200,0.9545454545454546
1822,-3.5,88,1.0
1823,-1.5,81,1.0
1824,-3.5,89,1.0
1825,-27.7,139,1.0
1826,-1.9,83,1.0
1827,-30.9,142,1.0
1828,-1.9,83,1.0
1829,4.3,70,1.0
1830,12.5,55,1.0
1831,-24.3,127,1.0
1832,12.7,54,1.0
1833,-4.5,89,1.0
1834,-5.3,90,1.0
1835,3.5,73,1.0
1836,19.3,40,1.0
1837,1.7,80,1.0
1838,-48.5,174,1.0
1839,-30.9,140,1.0
1840,6.5,67,1.0
1841,-2.1,89,1.0
1842,7.3,66,1.0
1843,5.5,72,1.0
1844,-15.1,105,1.0
1845,25.3,28,1.0
1846,1.1,73,1.0
1847,-68.8,200,0.9545454545454546
1848,2.3,77,1.0
1849,-12.5,107,1.0
1850,-19.7,120,1.0
1851,19.1,42,1.0
1852,-18.3,121,1.0
1853,4.7,72,1.0
1854,-20.5,116,1.0
1855,-37.1,151,1.0
1856,-76.0,200,0.9545454545454546
1857,-18.7,113,1.0
1858,-16.3,115,1.0
1859,-3.7,86,1.0
1860,-39.9,162,1.0
1861,13.3,52,1.0
1862,-1.5,80,1.0
1863,7.9,63,1.0
1864,-8.1,95,1.0
1865,-6.7,91,1.0
1866,-22.3,120,1.0
1867,-16.5,117,1.0
1868,11.3,53,1.0
1869,10.1,60,1.0
1870,-69.8,200,0.9545454545454546
1871,6.1,68,1.0
1872,-70.8,200,0.9545454545454546
1873,-9.5,96,1.0
1874,-18.1,117,1.0
1875,-13.7,110,1.0
1876,-4.7,92,1.0
1877,-21.7,133,1.0
1878,-76.5,200,0.9090909090909091
1879,-64.5,183,1.0
1880,1.3,77,1.0
1881,-71.0,200,0.9545454545454546
1882,0.3,81,1.0
1883,16.1,48,1.0
1884,-8.7,102,1.0
1885,-33.1,142,1.0
1886,-14.9,114,1.0
1887,-78.8,200,0.9545454545454546
1888,-13.5,116,1.0
1889,-15.7,119,1.0
1890,-5.7,90,1.0
1891,-11.3,97,1.0
1892,-14.1,105,1.0
1893,-11.9,107,1.0
1894,-5.5,93,1.0
1895,9.3,61,1.0
1896,6.7,66,1.0
1897,1.3,76,1.0
1898,5.3,70,1.0
1899,8.3,61,1.0
1900,6.7,65,1.0
1901,-19.1,112,1.0
1902,-4.5,89,1.0
1903,-11.3,105,1.0
1904,-36.3,165,1.0
1905,-25.9,130,1.0
1906,-22.1,125,1.0
1907,-12.9,98,1.0
1908,-0.3,82,1.0
1909,18.9,42,1.0
1910,2.5,78,1.0
1911,-22.1,122,1.0
1912,-6.9,93,1.0
1913,4.3,73,1.0
1914,0.7,76,1.0
1915,-51.5,178,1.0
1916,20.7,37,1.0
1917,-34.3,144,1.0
1918,12.7,57,1.0
1919,-1.3,82,1.0
1920,-35.5,151,1.0
1921,7.1,64,1.0
1922,10.7,57,1.0
1923,14.5,50,1.0
1924,1.1,78,1.0
1925,-4.5,89,1.0
1926,-74.2,200,0.9545454545454546
1927,-4.5,94,1.0
1928,7.3,65,1.0
1929,-11.5,106,1.0
1930,8.3,60,1.0
1931,-6.5,92,1.0
1932,-74.2,200,0.9545454545454546
1933,-23.1,126,1.0
1934,-72.8,200,0.9545454545454546
1935,9.7,60,1.0
1936,0.3,79,1.0
1937,-75.8,200,0.9545454545454546
1938,-29.9,143,1.0
1939,5.9,66,1.0
1940,-10.1,99,1.0
1941,-1.7,90,1.0
1942,-6.3,98,1.0
1943,3.7,72,1.0
1944,18.7,41,1.0
1945,-42.3,168,1.0
1946,1.5,78,1.0
1947,-74.0,200,0.9545454545454546
1948,0.7,75,1.0
1949,11.5,56,1.0
1950,-4.1,86,1.0
1951,3.9,68,1.0
1952,10.1,62,1.0
1953,-6.7,88,1.0
1954,-39.7,153,1.0
1955,-20.3,112,1.0
1956,10.1,62,1.0
1957,-6.9,88,1.0
1958,-74.8,200,0.9545454545454546
1959,-71.4,200,0.9545454545454546
1960,-60.3,196,1.0
1961,-22.3,124,1.0
1962,-80.6,200,0.9545454545454546
1963,6.3,69,1.0
1964,-18.3,118,1.0
1965,-3.5,85,1.0
1966,9.3,62,1.0
1967,-32.9,147,1.0
1968,-4.5,87,1.0
1969,8.1,69,1.0
1970,-3.3,89,1.0
1971,16.9,45,1.0
1972,11.3,58,1.0
1973,21.9,34,1.0
1974,3.9,69,1.0
1975,-16.5,113,1.0
1976,13.7,51,1.0
1977,4.1,70,1.0
1978,7.1,67,1.0
1979,14.1,50,1.0
1980,-72.0,200,0.9545454545454546
1981,4.7,73,1.0
1982,-50.7,184,1.0
1983,-35.1,152,1.0
1984,-77.8,200,0.9545454545454546
1985,5.3,70,1.0
1986,9.5,59,1.0
1987,3.7,74,1.0
1988,9.5,62,1.0
1989,-34.9,159,1.0
1990,-18.7,123,1.0
1991,4.3,70,1.0
1992,-38.3,163,1.0
1993,-27.7,144,1.0
1994,14.9,48,1.0
1995,-55.3,192,1.0
1996,3.9,76,1.0
1997,-10.9,101,1.0
1998,-51.7,186,1.0
1999,21.1,36,1.0
2000,-7.5,97,1.0
2001,-76.4,200,0.9545454545454546
2002,-37.5,150,1.0
2003,-75.0,200,0.9545454545454546
2004,-68.6,200,0.9545454545454546
2005,-4.1,91,1.0
2006,19.7,40,1.0
2007,-0.9,81,1.0
2008,-20.9,128,1.0
2009,0.3,77,1.0
2010,0.9,82,1.0
2011,-42.7,166,1.0
2012,-3.1,92,1.0
2013,-61.9,197,1.0
2014,-6.3,88,1.0
2015,2.3,75,1.0
2016,9.3,61,1.0
2017,10.5,59,1.0
2018,-38.7,154,1.0
2019,-28.5,143,1.0
2020,-72.6,200,0.9545454545454546
2021,-22.9,118,1.0
2022,-40.1,170,1.0
2023,-83.4,200,0.9545454545454546
2024,-9.7,102,1.0
2025,23.7,32,1.0
2026,4.3,71,1.0
2027,-80.8,200,0.9545454545454546
2028,-57.5,191,1.0
2029,-28.1,144,1.0
2030,16.9,44,1.0
2031,-2.9,82,1.0
2032,18.1,45,1.0
2033,-7.5,95,1.0
2034,-41.3,168,1.0
2035,-9.9,99,1.0
2036,-7.7,94,1.0
2037,16.5,48,1.0
2038,-44.9,165,1.0
2039,-70.8,200,0.9545454545454546
2040,0.1,77,1.0
2041,-80.4,200,0.9545454545454546
2042,12.7,53,1.0
2043,20.3,38,1.0
2044,-25.3,128,1.0
2045,18.3,43,1.0
2046,16.5,45,1.0
2047,-105.4,200,0.5909090909090909
2048,8.7,64,1.0
2049,-2.5,84,1.0
2050,-39.5,163,1.0
2051,-74.0,200,0.9545454545454546
2052,-76.4,200,0.9545454545454546
2053,-79.0,200,0.9545454545454546
2054,14.5,53,1.0
2055,-28.7,135,1.0
2056,-4.3,85,1.0
2057,-25.9,133,1.0
2058,-14.3,107,1.0
2059,9.7,59,1.0
2060,17.5,45,1.0
2061,-13.5,104,1.0
2062,6.9,61,1.0
2063,-75.4,200,0.9545454545454546
2064,-72.9,200,0.9090909090909091
2065,-52.3,191,1.0
2066,-45.1,165,1.0
2067,0.7,78,1.0
2068,-15.9,108,1.0
2069,3.5,73,1.0
2070,5.3,69,1.0
2071,-51.7,186,1.0
2072,-69.4,200,0.9545454545454546
2073,-36.3,153,1.0
2074,-1.7,84,1.0
2075,-21.7,131,1.0
2076,-43.3,162,1.0
2077,5.3,67,1.0
2078,-34.1,152,1.0
2079,-10.7,102,1.0
2080,-36.9,158,1.0
2081,14.7,48,1.0
2082,7.1,63,1.0
2083,-11.9,100,1.0
2084,-3.7,85,1.0
2085,-27.9,142,1.0
2086,-24.5,135,1.0
2087,15.9,46,1.0
2088,-73.4,200,0.9545454545454546
2089,20.1,38,1.0
2090,17.1,45,1.0
2091,-72.4,200,0.9545454545454546
2092,2.1,77,1.0
2093,-9.9,98,1.0
2094,-21.7,124,1.0
2095,-10.1,105,1.0
2096,-79.3,200,0.9090909090909091
2097,-8.1,98,1.0
2098,7.7,65,1.0
2099,-75.6,200,0.9545454545454546
2100,-2.9,85,1.0
2101,-8.5,97,1.0
2102,10.7,58,1.0
2103,5.3,69,1.0
2104,5.9,69,1.0
2105,15.3,51,1.0
2106,1.5,79,1.0
2107,2.3,75,1.0
2108,-13.5,105,1.0
2109,13.9,52,1.0
2110,16.3,47,1.0
2111,-20.5,119,1.0
2112,15.3,53,1.0
2113,-84.9,200,0.8181818181818182
2114,-70.8,200,0.9545454545454546
2115,-6.9,93,1.0
2116,18.7,40,1.0
2117,15.9,48,1.0
2118,-75.6,200,0.9545454545454546
2119,-5.5,88,1.0
2120,-9.3,99,1.0
2121,-1.7,82,1.0
2122,16.3,46,1.0
2123,-13.3,103,1.0
2124,4.3,74,1.0
2125,16.3,48,1.0
2126,7.1,62,1.0
2127,-19.9,122,1.0
2128,-28.1,131,1.0
2129,1.1,80,1.0
2130,-78.6,200,0.9545454545454546
2131,1.9,78,1.0
2132,20.1,40,1.0
2133,12.3,57,1.0
2134,-21.5,126,1.0
2135,24.1,31,1.0
2136,16.9,47,1.0
2137,7.3,65,1.0
2138,-17.7,113,1.0
2139,14.5,53,1.0
2140,-2.1,81,1.0
2141,-56.9,200,1.0
2142,-14.5,110,1.0
2143,-48.1,154,1.0
2144,4.1,71,1.0
2145,3.5,71,1.0
2146,11.9,54,1.0
2147,-14.3,111,1.0
2148,3.7,73,1.0
2149,8.1,61,1.0
2150,-43.5,166,1.0
2151,4.9,68,1.0
2152,-22.1,116,1.0
2153,15.7,48,1.0
2154,-31.7,147,1.0
2155,-5.5,93,1.0
2156,4.3,71,1.0
2157,-78.6,200,0.9545454545454546
2158,-61.9,189,1.0
2159,-31.1,145,1.0
2160,-7.5,92,1.0
2161,7.7,61,1.0
2162,10.1,58,1.0
2163,-28.1,140,1.0
2164,3.1,80,1.0
2165,14.1,52,1.0
2166,5.5,71,1.0
2167,23.3,32,1.0
2168,2.1,80,1.0
2169,-25.3,129,1.0
2170,-10.3,102,1.0
2171,-3.5,85,1.0
2172,-7.9,93,1.0
2173,3.1,77,1.0
2174,10.7,61,1.0
2175,4.9,73,1.0
2176,0.9,82,1.0
2177,14.3,52,1.0
2178,8.5,64,1.0
2179,8.1,62,1.0
2180,10.9,62,1.0
2181,22.5,35,1.0
2182,-30.9,146,1.0
2183,-9.7,99,1.0
2184,2.5,74,1.0
2185,-13.9,108,1.0
2186,-16.7,104,1.0
2187,5.9,70,1.0
2188,20.9,38,1.0
2189,-28.1,143,1.0
2190,-76.6,200,0.9545454545454546
2191,13.9,52,1.0
2192,-6.3,95,1.0
2193,-6.3,93,1.0
2194,-0.5,81,1.0
2195,-12.3,102,1.0
2196,1.1,76,1.0
2197,5.1,71,1.0
2198,-22.5,131,1.0
2199,-77.2,200,0.9545454545454546
2200,7.5,63,1.0
2201,-22.1,130,1.0
2202,-31.9,141,1.0
2203,-40.7,161,1.0
2204,12.3,55,1.0
2205,-12.7,104,1.0
2206,15.7,51,1.0
2207,-33.9,139,1.0
2208,-39.3,155,1.0
2209,-19.3,112,1.0
2210,6.5,69,1.0
2211,10.9,56,1.0
2212,-38.1,162,1.0
2213,6.1,68,1.0
2214,-1.3,79,1.0
2215,-1.7,80,1.0
2216,22.5,34,1.0
2217,13.5,52,1.0
2218,9.1,58,1.0
2219,-8.7,96,1.0
2220,-8.9,101,1.0
2221,-34.5,150,1.0
2222,20.1,39,1.0
2223,-73.4,200,0.9545454545454546
2224,12.1,55,1.0
2225,-4.9,87,1.0
2226,-15.1,111,1.0
2227,-56.9,173,1.0
2228,-70.8,200,0.9545454545454546
2229,-8.7,99,1.0
2230,-58.9,194,1.0
2231,6.9,68,1.0
2232,22.9,35,1.0
2233,9.7,57,1.0
2234,1.9,82,1.0
2235,-16.7,114,1.0
2236,-58.5,184,1.0
2237,5.5,69,1.0
2238,-8.5,96,1.0
2239,-45.5,165,1.0
2240,-72.6,200,0.9545454545454546
2241,2.1,77,1.0
2242,-0.7,80,1.0
2243,-25.5,135,1.0
2244,-14.5,111,1.0
2245,17.9,44,1.0
2246,-0.5,81,1.0
2247,-25.1,128,1.0
2248,2.3,70,1.0
2249,10.1,62,1.0
2250,4.3,71,1.0
2251,16.7,44,1.0
2252,-4.7,83,1.0
2253,3.7,74,1.0
2254,-74.2,200,0.9545454545454546
2255,16.7,47,1.0
2256,3.5,69,1.0
2257,21.1,37,1.0
2258,1.7,77,1.0
2259,7.5,67,1.0
2260,-4.7,86,1.0
2261,-0.5,76,1.0
2262,17.3,45,1.0
2263,-16.5,111,1.0
2264,-3.3,91,1.0
2265,-7.7,90,1.0
2266,-25.1,130,1.0
2267,-5.5,95,1.0
2268,8.3,67,1.0
2269,9.3,63,1.0
2270,6.5,63,1.0
2271,9.1,57,1.0
2272,9.9,59,1.0
2273,11.7,56,1.0
2274,14.1,51,1.0
2275,-22.1,126,1.0
2276,-6.5,92,1.0
2277,-2.1,80,1.0
2278,6.5,66,1.0
2279,4.9,67,1.0
2280,12.9,54,1.0
2281,-2.1,86,1.0
2282,-1.5,81,1.0
2283,-25.9,130,1.0
2284,18.1,45,1.0
2285,-19.7,126,1.0
2286,-52.9,176,1.0
2287,-29.9,142,1.0
2288,-79.0,200,0.9545454545454546
2289,-8.1,93,1.0
2290,-14.7,113,1.0
2291,-7.7,95,1.0
2292,-11.9,105,1.0
2293,-16.1,110,1.0
2294,-7.9,85,1.0
2295,8.7,66,1.0
2296,-6.7,97,1.0
2297,17.1,44,1.0
2298,-24.7,139,1.0
2299,-16.7,115,1.0
2300,-74.8,200,0.9545454545454546
2301,-20.9,127,1.0
2302,18.1,43,1.0
2303,-71.6,200,0.9545454545454546
2304,-24.7,130,1.0
2305,11.5,55,1.0
2306,-57.9,200,1.0
2307,14.7,49,1.0
2308,0.5,81,1.0
2309,16.9,45,1.0
2310,-28.5,134,1.0
2311,18.1,41,1.0
2312,-39.9,164,1.0
2313,-0.3,80,1.0
2314,-3.5,86,1.0
2315,15.3,49,1.0
2316,-40.7,157,1.0
2317,-7.3,95,1.0
2318,14.5,51,1.0
2319,-26.3,136,1.0
2320,-19.5,123,1.0
2321,17.5,44,1.0
2322,-17.9,124,1.0
2323,17.5,43,1.0
2324,-13.3,102,1.0
2325,-56.5,179,1.0
2326,-8.9,100,1.0
2327,4.1,71,1.0
2328,-1.1,82,1.0
2329,-72.8,200,0.9545454545454546
2330,18.9,40,1.0
2331,-12.1,102,1.0
2332,-7.3,98,1.0
2333,-31.3,149,1.0
2334,-16.7,105,1.0
2335,-15.5,111,1.0
2336,-5.3,93,1.0
2337,-5.7,94,1.0
2338,3.5,76,1.0
2339,16.1,47,1.0
2340,-29.9,137,1.0
2341,-14.5,106,1.0
2342,-17.3,116,1.0
2343,-13.3,106,1.0
2344,-78.8,200,0.9545454545454546
2345,-8.5,94,1.0
2346,-84.4,200,0.9545454545454546
2347,1.3,72,1.0
2348,-46.5,169,1.0
2349,8.9,59,1.0
2350,-3.3,82,1.0
2351,-38.5,169,1.0
2352,-69.4,200,0.9545454545454546
2353,25.5,29,1.0
2354,-27.9,132,1.0
2355,16.7,46,1.0
2356,-77.0,200,0.9545454545454546
2357,-54.7,193,1.0
2358,10.7,60,1.0
2359,21.5,36,1.0
2360,-125.0,200,0.045454545454545456
2361,-0.5,80,1.0
2362,-74.4,200,0.9545454545454546
2363,5.7,67,1.0
2364,-20.3,120,1.0
2365,10.1,62,1.0
2366,10.3,59,1.0
2367,-4.5,85,1.0
2368,-39.3,154,1.0
2369,-6.1,95,1.0
2370,7.9,65,1.0
2371,-80.6,200,0.9545454545454546
2372,-6.5,94,1.0
2373,-5.7,88,1.0
2374,22.3,34,1.0
2375,-32.9,146,1.0
2376,-74.4,200,0.9545454545454546
2377,9.5,59,1.0
2378,-17.3,110,1.0
2379,-5.9,90,1.0
2380,4.9,70,1.0
2381,-11.5,104,1.0
2382,-87.9,200,0.8181818181818182
2383,8.7,60,1.0
2384,-28.3,138,1.0
2385,-51.5,192,1.0
2386,-2.5,82,1.0
2387,10.7,57,1.0
2388,-11.5,106,1.0
2389,16.7,44,1.0
2390,-6.1,97,1.0
2391,15.5,46,1.0
2392,-28.3,139,1.0
2393,6.9,67,1.0
2394,-76.0,200,0.9545454545454546
2395,-76.7,200,0.9090909090909091
2396,11.9,53,1.0
2397,-12.3,103,1.0
2398,11.5,57,1.0
2399,1.5,80,1.0
2400,-70.6,200,0.9545454545454546
2401,1.1,74,1.0
2402,0.7,80,1.0
2403,22.5,35,1.0
2404,18.5,41,1.0
2405,-24.3,139,1.0
2406,-71.4,200,0.9545454545454546
2407,7.1,68,1.0
2408,8.9,60,1.0
2409,5.7,68,1.0
2410,-17.7,119,1.0
2411,19.3,41,1.0
2412,-8.9,100,1.0
2413,-1.7,81,1.0
2414,-0.9,82,1.0
2415,5.3,69,1.0
2416,-75.0,200,0.9545454545454546
2417,-15.7,110,1.0
2418,-23.1,128,1.0
2419,-4.7,88,1.0
2420,7.7,66,1.0
2421,-37.9,161,1.0
2422,14.9,51,1.0
2423,8.5,61,1.0
2424,-43.9,172,1.0
2425,-15.3,108,1.0
2426,12.1,53,1.0
2427,-79.8,200,0.9545454545454546
2428,17.9,42,1.0
2429,2.1,75,1.0
2430,-22.5,124,1.0
2431,-14.1,110,1.0
2432,14.9,49,1.0
2433,9.5,59,1.0
2434,-50.5,183,1.0
2435,-1.1,81,1.0
2436,10.5,59,1.0
2437,5.7,65,1.0
2438,3.7,74,1.0
2439,-86.6,200,0.8636363636363636
2440,8.3,62,1.0
2441,-13.3,112,1.0
2442,9.9,60,1.0
2443,-10.1,100,1.0
2444,7.1,68,1.0
2445,10.9,55,1.0
2446,-8.7,98,1.0
2447,18.5,44,1.0
2448,-3.3,89,1.0
2449,12.3,55,1.0
2450,-73.4,200,0.9545454545454546
2451,-46.9,185,1.0
2452,9.7,60,1.0
2453,6.1,70,1.0
2454,10.3,60,1.0
2455,-18.1,114,1.0
2456,8.1,62,1.0
2457,14.5,50,1.0
2458,-73.8,200,0.9545454545454546
2459,3.5,71,1.0
2460,-33.3,151,1.0
2461,7.3,65,1.0
2462,1.1,76,1.0
2463,11.9,56,1.0
2464,-60.5,196,1.0
2465,15.9,49,1.0
2466,-20.7,120,1.0
2467,-2.1,86,1.0
2468,8.3,62,1.0
2469,-1.5,81,1.0
2470,-25.3,126,1.0
2471,-13.5,103,1.0
2472,19.1,41,1.0
2473,-12.3,106,1.0
2474,7.1,65,1.0
2475,8.9,60,1.0
2476,12.7,57,1.0
2477,-72.8,200,0.9545454545454546
2478,-41.3,162,1.0
2479,-14.5,110,1.0
2480,4.3,69,1.0
2481,-22.5,129,1.0
2482,-18.9,114,1.0
2483,-77.0,200,0.9545454545454546
2484,-74.0,200,0.9545454545454546
2485,-20.3,123,1.0
2486,12.9,53,1.0
2487,11.9,55,1.0
2488,6.7,64,1.0
2489,2.3,76,1.0
2490,18.7,41,1.0
2491,-4.3,87,1.0
2492,-27.1,141,1.0
2493,16.1,48,1.0
2494,-54.5,191,1.0
2495,-24.3,138,1.0
2496,25.5,28,1.0
2497,19.1,41,1.0
2498,1.5,75,1.0
2499,-2.3,84,1.0
2500,-73.2,200,0.9545454545454546
2501,-22.7,126,1.0
2502,0.3,78,1.0
2503,12.3,55,1.0
2504,-71.8,200,0.9545454545454546
2505,2.9,73,1.0
2506,-29.7,131,1.0
2507,-12.3,113,1.0
2508,-3.7,86,1.0
2509,12.7,57,1.0
2510,17.7,43,1.0
2511,-17.1,114,1.0
2512,-32.5,136,1.0
2513,-6.1,88,1.0
2514,-19.7,115,1.0
2515,-16.7,114,1.0
2516,14.9,50,1.0
2517,-71.4,200,0.9545454545454546
2518,4.5,72,1.0
2519,-63.1,181,1.0
2520,10.9,57,1.0
2521,-72.8,200,0.9545454545454546
2522,10.5,60,1.0
2523,-76.2,200,0.9545454545454546
2524,-43.7,168,1.0
2525,-74.0,200,0.9545454545454546
2526,-30.7,146,1.0
2527,20.3,39,1.0
2528,19.3,39,1.0
2529,1.7,73,1.0
2530,-49.3,177,1.0
2531,12.9,51,1.0
2532,-13.7,106,1.0
2533,-0.9,77,1.0
2534,7.1,62,1.0
2535,11.5,53,1.0
2536,19.9,38,1.0
2537,8.3,68,1.0
2538,-73.6,200,0.9545454545454546
2539,6.7,70,1.0
2540,9.3,60,1.0
2541,-33.3,135,1.0
2542,7.5,66,1.0
2543,-72.8,200,0.9545454545454546
2544,-3.1,83,1.0
2545,-8.5,101,1.0
2546,-37.3,158,1.0
2547,22.5,34,1.0
2548,21.7,37,1.0
2549,-5.3,92,1.0
2550,-80.1,200,0.9090909090909091
2551,-75.4,200,0.9545454545454546
2552,-37.5,153,1.0
2553,7.9,62,1.0
2554,9.9,61,1.0
2555,-49.9,184,1.0
2556,-11.1,102,1.0
2557,16.3,48,1.0
2558,-73.8,200,0.9545454545454546
2559,3.7,73,1.0
2560,-75.6,200,0.9545454545454546
2561,10.3,60,1.0
2562,-37.7,165,1.0
2563,-23.9,136,1.0
2564,18.7,42,1.0
2565,-42.9,152,1.0
2566,-43.1,168,1.0
2567,-76.0,200,0.9545454545454546
2568,-13.1,108,1.0
2569,-3.5,88,1.0
2570,-9.5,100,1.0
2571,-10.5,104,1.0
2572,8.5,66,1.0
2573,20.3,38,1.0
2574,-6.5,94,1.0
2575,-14.5,106,1.0
2576,-4.3,85,1.0
2577,-10.7,105,1.0
2578,10.9,56,1.0
2579,-20.7,119,1.0
2580,-81.6,200,0.9545454545454546
2581,1.3,79,1.0
2582,9.1,62,1.0
2583,-76.2,200,0.9545454545454546
2584,7.1,63,1.0
2585,-27.3,142,1.0
2586,-77.8,200,0.9545454545454546
2587,-11.5,101,1.0
2588,-58.7,192,1.0
2589,6.1,67,1.0
2590,-78.6,200,0.9545454545454546
2591,12.9,56,1.0
2592,-22.3,130,1.0
2593,-4.7,91,1.0
2594,-17.1,118,1.0
2595,-6.7,96,1.0
2596,-18.1,112,1.0
2597,-5.1,91,1.0
2598,12.7,56,1.0
2599,-5.7,91,1.0
2600,-12.7,112,1.0
2601,-40.7,160,1.0
